Track,Artist,Album,Year,Duration,Danceability,Loudness,Acousticness,Instrumentalness,Tempo,Popularity
Release,Afro Celt Sound System,Volume 2: Release (Real World Gold),2005,456160,633,-7.266,216,558,100.089,31
Saor / Free / News from Nowhere,Afro Celt Sound System,Vol. 1: Sound Magic (Real World Gold),1999,501093,511,-10.504,26,879,81.996,24
When You're Falling,Afro Celt Sound System,Volume 3 : Further In Time (Real World Gold),2003,314160,638,-7.305,508,254,99.01,36
Whirl-Y-Reel 1,Afro Celt Sound System,Vol. 1: Sound Magic (Real World Gold),1999,441200,645,-8.133,132,395,132.021,25
Electric Rendezvous,Al Di Meola,Electric Rendezvous,1982,467266,337,-12.241,101,748,108.143,19
"Fantasia Suite - Live at Warfield Theatre, San Francisco, CA - December 5, 1980",Al Di Meola,Friday Night in San Francisco,1981,530506,341,-13.473,726,537,100.246,27
"Lady of Rome, Sister of Brazil",Al Di Meola,Elegant Gypsy,1980,106240,0.71,-16.617,868,706,110.909,34
"Mediterranean Sundance / Rio Ancho - Live at Warfield Theatre, San Francisco, CA - December 5, 1980",Al Di Meola,Friday Night in San Francisco,1981,691306,415,-11.628,834,808,100.54,46
Race With Devil On Spanish Highway,Al Di Meola,Elegant Gypsy,1979,378266,318,-11.606,139,531,88.648,28
The Wizard,Al Di Meola,Land Of The Midnight Sun,1986,406133,378,-14.155,369,851,157.859,18
Ai Du (with Ry Cooder),Ali Farka Touré,Talking Timbuktu,1990,429973,0.57,-17.168,306,586,151.78,53
Banga (with Ry Cooder),Ali Farka Touré,Talking Timbuktu,2013,152826,511,-22.718,636,843,77.991,29
Bonde (with Ry Cooder),Ali Farka Touré,Talking Timbuktu,2013,328826,514,-17.026,712,523,113.821,45
Diaraby (with Ry Cooder),Ali Farka Touré,Talking Timbuktu,1990,446826,558,-18.639,784,706,142.681,38
Gomni (with Ry Cooder),Ali Farka Touré,Talking Timbuktu,1990,420800,404,-18.083,479,0.21,78.914,37
Inchana Massina (feat. Nitin Sawhney),Ali Farka Touré,The Source,2005,313760,542,-12.026,776,278,80.762,16
Karaw,Ali Farka Touré,The Source,2001,388493,423,-11.381,837,197,89.55,12
Savane,Ali Farka Touré,Savane,2006,463266,776,-10.45,772,134,135.866,40
Soko,Ali Farka Touré,Radio Mali,2004,308866,727,-13.501,857,0,112.287,17
Yer Bounda Fara,Ali Farka Touré,Savane,1994,256853,813,-9.87,724,247,117.08,23
Eshurruru,Ali Mohammed Birra,Ethiopiques 28 - Great Oromo Music,1979,288346,449,-7.716,852,306,158.353,24
Imiman Jalaala,Ali Mohammed Birra,Ethiopiques 28 - Great Oromo Music,1980,300080,302,-8.31,956,0.73,96.406,20
Inyaadi'ini,Ali Mohammed Birra,Ethiopiques 28 - Great Oromo Music,1980,269093,366,-6.264,892,462,144.054,20
Kan ati fettun isani infedhani,Ali Mohammed Birra,Ethiopiques 28 - Great Oromo Music,1981,284546,487,-6.399,942,322,155.738,14
Si jaalallee - 1975,Ali Mohammed Birra,Ethiopiques 28 - Great Oromo Music,1975,247040,388,-7.172,929,308,161.244,17
Afrika - Live,Angelique Kidjo,Spirit Rising (Live),1998,258000,586,-5.052,537,0,111.875,9
Agolo,Angelique Kidjo,Aye,1994,289493,701,-8.205,367,139,93.951,37
Batonga,Angelique Kidjo,Logozo,2005,276840,682,-11.932,396,602,109.271,28
Malaika,Angelique Kidjo,Logozo,2005,259200,496,-16.843,744,0,170.123,26
Pata Pata,Angelique Kidjo,Pata Pata,1990,172880,834,-6.668,206,145,130.01,8
Samba Pa Ti,Angelique Kidjo,OYO (Deluxe Edition),1998,217613,648,-8.344,585,117,85.115,20
Voodoo Child (Slight Return),Angelique Kidjo,Oremi,1996,229273,741,-7.422,768,105,88.004,18
We Are One,Angelique Kidjo,The Lion King 2: Simba's Pride,1997,250760,551,-9.697,0.33,339,81.628,37
Wombo Lombo,Angelique Kidjo,Fifa,1996,255333,724,-8,727,254,93.827,28
Akiwowo (Ah-Key-Woh-Woh),Babatunde Olatunji,Drums Of Passion,1963,282333,623,-5.987,271,536,123.615,19
Jin-Go-Lo-Ba (Jin-Go-Low-Bah),Babatunde Olatunji,Drums Of Passion,1959,205266,714,-4.536,523,706,125.995,27
Oya (Aw-Yah),Babatunde Olatunji,Drums Of Passion,1980,335293,624,-5.755,479,763,134.794,18
"Gone, Just Like a Train",Bill Frisell,"Gone, Just Like a Train",2000,331133,0.58,-12.98,109,858,115.735,6
In Line,Bill Frisell,In Line,2000,279000,394,-20.953,909,924,113.277,12
Lookout for Hope,Bill Frisell,Four,2000,309733,391,-15.062,951,805,112.492,30
"Rain, Rain",Bill Frisell,"Good Dog, Happy Man",1984,165800,285,-18.833,909,811,79.065,38
Rambler,Bill Frisell,Rambler,1987,492266,399,-18.084,845,967,127.871,23
Start,Bill Frisell,In Line,2001,353506,208,-28.158,969,927,65.097,22
Strange Meeting - Live/Umbria Jazz Orchestra,Bill Frisell,Orchestras (Live),1996,384733,469,-14.595,854,806,100.917,24
The Pioneers,Bill Frisell,Music IS,1995,253586,439,-20.274,912,734,91.034,35
Ederlezi,Boban Markovic Orkestar,Live in Belgrade,1988,343186,227,-15.695,882,861,140.686,16
SAT,Boban Markovic Orkestar,Boban I Marko,1998,263933,775,-10.551,948,927,101.928,36
Another Night In Tunisia,Bobby McFerrin,The Best Of Bobby McFerrin,1984,254626,667,-17.68,587,198,82.106,10
Don't Worry Be Happy,Bobby McFerrin,Simple Pleasures,1988,294400,675,-22.602,0.88,714,68.837,68
Drive My Car,Bobby McFerrin,Simple Pleasures,1988,164165,886,-19.927,722,309,118.099,26
Good Lovin',Bobby McFerrin,Simple Pleasures,1988,178773,566,-15.936,743,0,121.817,30
I Hear Music,Bobby McFerrin,Spontaneous Inventions,1988,234466,646,-16.453,795,616,121.464,7
The 23rd Psalm,Bobby McFerrin,Medicine Music,1994,188706,283,-26.16,979,0,138.242,22
Thinkin' About Your Body - Live,Bobby McFerrin,Spontaneous Inventions,1993,195133,581,-19.336,679,13,96.211,25
A Szerelemről,Both Miklós Folkside,Csillagfészek,2010,395933,351,-11.14,761,191,59.52,0
Csillagfészek,Both Miklós Folkside,Csillagfészek,2010,342293,452,-6.923,423,349,150.125,0
Izlel E Delio Haidutin,Bulgarian State Television Female Choir,Le Mystere Des Voix Bulgares Vol.3,1986,226373,206,-11.055,948,781,83.561,4
Kalimankou Denkou (The Evening Gathering),Bulgarian State Television Female Choir,Le Mystere Des Voix Bulgares,1986,306133,194,-15.752,977,36,128.433,22
Kaval Sviri (The Flute Plays),Bulgarian State Television Female Choir,"Le Mystère des Voix Bulgares, Vol. 2",1986,131706,179,-15.415,847,824,92.063,23
Prïtoutïtze Planinata (Song from the Thracian Plain),Bulgarian State Television Female Choir,Le Mystere Des Voix Bulgares,1986,165826,184,-9.291,922,228,88.717,14
Svatba (The Wedding),Bulgarian State Television Female Choir,Le Mystere Des Voix Bulgares,1988,87226,356,-12.668,958,117,105.443,19
Basic Instructions,Burlap To Cashmere,Anybody Out There?,1998,239306,608,-8.578,112,225,135.779,31
Treasures In Heaven,Burlap To Cashmere,Anybody Out There?,1998,267866,664,-8.908,499,448,94.999,27
Abatina,Calypso Rose,Far from Home,2003,224630,753,-4.443,232,383,103.968,59
Baila Mami (feat. Nailah Blackman & Lao Ra),Calypso Rose,Calypso Rose and Friends,2019,177066,667,-3.788,138,0,99.994,14
Calypso Blues,Calypso Rose,So Calypso !,2003,260120,946,-7.989,604,479,129.947,57
Calypso Queen,Calypso Rose,Far from Home,2007,197813,658,-7.427,418,138,84.739,61
Fire in Me Wire,Calypso Rose,Soul on Fire,2004,295400,849,-10.881,356,192,126.776,17
Leave Me Alone - Kubiyashi Remix,Calypso Rose,Leave Me Alone (feat. Manu Chao) [Remixes],2007,216170,781,-4.553,153,0,105.017,16
Ailein Duinn,Capercaillie,To The Moon,1992,216773,484,-14.555,368,331,103.857,34
"Coisich, a Ruin",Capercaillie,Delirium,1992,193066,699,-10.656,397,276,120.853,16
Nighean Dubh Nighean Donn,Capercaillie,At the Heart of It All,2000,273906,495,-7.817,688,241,95.379,10
S' Och A' Dhomhnaill Oig Ghaolaich,Capercaillie,At the Heart of It All,1992,244986,478,-8.496,659,143,170.031,28
Skye Waulking Song,Capercaillie,Nadurra,2000,280333,0.39,-10.297,776,281,172.076,17
The Jura Wedding Reels,Capercaillie,At the Heart of It All,2000,225760,617,-6.516,531,386,111.04,41
Cumbia sobre el río / Interludio,Celso Piña,Barrio Bravo,1996,342973,711,-6.397,237,797,96.999,59
Petit pays,Cesária Evora,Cesaria,1989,224506,551,-11.583,804,0,156.152,58
Sodade,Cesária Evora,Miss Perfumado,1992,293640,575,-13.168,822,661,82.691,58
À Primeira Vista,Chico César,Aos Vivos,1995,216800,542,-12.99,782,0,89.585,59
Mama África,Chico César,Aos Vivos,1995,214826,676,-8.715,648,0,163.709,49
Pensar Em Você,Chico César,Mama Mundi,1996,236373,717,-10.684,254,0,88.057,43
Shusha Nyavu,Christina Shusho,Shusha Nyavu,1997,226866,689,-4.904,188,279,90.064,44
Unikumbuke,Christina Shusho,Unikumbuke,1997,452756,752,-10.247,835,0,132.167,35
Look so Good,David Lindley,Win This Record,1985,92906,391,-23.44,875,0.15,88.264,32
Talk to the Lawyer,David Lindley,Win This Record,1985,300560,0.71,-13.363,178,437,126.108,17
Ballad Of The Sad Young Men,Davy Graham,"Folk, Blues & Beyond",1964,192600,525,-17.799,0.82,513,69.118,8
Cocaine,Davy Graham,"Folk, Blues & Beyond",1969,147466,576,-17.158,932,185,140.792,30
Cry Me a River,Davy Graham,The Guitar Player,1965,139546,0.6,-25.66,923,917,104.599,9
Fire In My Soul,Davy Graham,Midnight Man,1965,110560,549,-18.878,521,645,100.411,28
She Moved Through The Fair,Davy Graham,"Folk, Blues & Beyond",1964,194400,437,-20.494,914,886,90.088,18
Wilt Thou Unkind,Davy Graham,The Holly Kaleidoscope,1977,52333,641,-27.365,928,955,97.369,1
Black Sun - Remastered,Dead Can Dance,Aion (Remastered),1987,296506,477,-11.48,365,275,133.715,32
Cantara - Remastered,Dead Can Dance,Within the Realm of a Dying Sun (Remastered),1984,358293,301,-11.001,695,767,120.236,35
Enigma of the Absolute - Remastered,Dead Can Dance,Spleen and Ideal (Remastered),1990,254040,0.39,-9.174,2.14E-06,703,112.11,23
In the Kingdom of the Blind the One-Eyed Are Kings - Remastered,Dead Can Dance,The Serpent's Egg (Remastered),1991,252480,146,-13.277,237,297,79.9,28
Rakim - Live Remastered,Dead Can Dance,Toward the Within (Remastered),1991,385373,335,-8.29,282,539,157.008,33
Saltarello - Remastered,Dead Can Dance,Aion (Remastered),1991,154173,0.52,-11.985,152,431,109.011,37
Sanvean - Live Remastered,Dead Can Dance,Toward the Within (Remastered),1993,238693,106,-12.08,936,742,90.689,29
The Host of Seraphim - Remastered,Dead Can Dance,The Serpent's Egg (Remastered),1993,378173,853,-13.076,621,863,168.753,45
The Ubiquitous Mr. Lovegrove - Remastered,Dead Can Dance,Into the Labyrinth (Remastered),1993,377213,611,-11.018,211,396,161.862,36
Yulunga (Spirit Dance),Dead Can Dance,Into the Labyrinth (Remastered),1992,415613,331,-14.095,0.27,891,95.299,40
Mazha Paadum,Deepak Dev,Sunday Holiday (Original Motion Picture Soundtrack),2002,266102,659,-9.648,864,234,104.042,54
Nilakudame,Deepak Dev,Chirakodinja Kinavukal (Original Motion Picture Soundtrack),2002,275322,577,-6.859,791,82,123.888,19
Forever And Ever,Demis Roussos,Forever And Ever,1973,221266,361,-9.065,356,0,117.653,48
Goodbye My Love Goodbye,Demis Roussos,Forever And Ever,1973,234866,267,-10.41,736,0,91.715,40
I Dig You,Demis Roussos,Collected,1971,247733,552,-13.087,897,867,116.079,26
Lovely Lady Of Arcadia,Demis Roussos,Demis Roussos - Greatest Hits (1971 - 1980),1974,204226,469,-11.74,656,0,76.959,37
My Friend The Wind,Demis Roussos,Forever And Ever,1973,235626,452,-8.017,201,0,138.598,34
My Reason,Demis Roussos,Forever And Ever,1974,239333,311,-8.676,348,0,98.589,31
Red Rose Cafe,Demis Roussos,In Holland,1979,278082,0.28,-13.33,572,0,179.018,18
Someday Somewhere,Demis Roussos,Demis Roussos - Greatest Hits (1971 - 1980),1975,184760,445,-12.538,543,246,119.595,34
When Forever Has Gone,Demis Roussos,Universal Masters,1973,183400,395,-7.803,141,0,102.016,5
Langue muette,Dhafer Youssef,Electric Sufi,2010,213560,514,-23.29,991,876,113.555,36
Shaouk,Dhafer Youssef,Abu Nawas Rhapsody,2001,127666,593,-22.482,987,688,139.259,43
Yabay,Dhafer Youssef,Electric Sufi,2006,196773,382,-10.572,912,578,127.685,28
Echoes of the Past Float Away,Diane Arkenstone,Aquaria II - Ascension,1995,235760,381,-17.696,854,856,184.123,14
Precious Waters,Diane Arkenstone,The Essential Diane Arkenstone,1995,267453,405,-15.231,905,914,89.973,21
Voice of the Sea,Diane Arkenstone,The Essential Diane Arkenstone,2000,316666,498,-13.228,238,877,89.975,33
Balada o Pisonji I Zugi-live,Dr Nele Karajlic,Live In Skopje 2019,2001,413369,0.31,-8.092,692,317,198.349,0
Necu da budem svabo u dotiranom filmu-live,Dr Nele Karajlic,Live In Skopje 2019,2007,301682,0.39,-7.648,355,799,117.994,0
Odlazi Nam Deda,Dr Nele Karajlic,"Muzika Iz Filma ""Crna Macka Beli Macor""",2007,65433,501,-4.83,855,582,112.51,37
Canção Do Mar,Dulce Pontes,Best Of - Deluxe,1999,316906,498,-11.179,733,215,120.203,43
Fado-Mae,Dulce Pontes,O Primeiro Canto,1999,214560,412,-11.612,911,744,111.601,29
Lusitana Paixão,Dulce Pontes,Best Of - Deluxe,1999,224826,588,-8.3,0.52,236,133.842,27
Canto a la Habana,Eliades Ochoa,Canto a la Habana,2001,284005,718,-1.656,384,0,95.901,7
Lágrimas Negras,Eliades Ochoa,¡Se Soltó Un León!,2009,305906,575,-14.734,506,434,86.418,6
Mi cafetal,Eliades Ochoa,Estoy Como Nunca,2000,230693,481,-8.113,758,0.54,90.136,31
Pajarito Voló (feat. Rubén Blades),Eliades Ochoa,Guajiro,1996,231493,495,-12.56,725,152,101.807,30
Siboney,Eliades Ochoa,Estoy Como Nunca,1996,265733,0.56,-8.006,544,869,110.476,26
Vamos a Bailar un Son,Eliades Ochoa,Vamos a Bailar un Son (Special Edition),1996,312642,626,-7.54,504,549,95.446,26
West (feat. Charlie Musselwhite),Eliades Ochoa,Guajiro,1998,191040,761,-11.556,786,204,129.963,16
Amarantine,Enya,Amarantine,2005,190533,0.54,-12.031,908,414,79.71,58
Aníron,Enya,The Very Best of Enya (Deluxe Edition),2001,164613,177,-14.082,937,827,128.585,59
Boadicea,Enya,The Celts,1984,212360,163,-27.41,977,225,66.269,44
Echoes in Rain,Enya,Dark Sky Island,2015,215453,693,-9.428,826,803,93.875,57
May It Be,Enya,The Very Best of Enya (Deluxe Edition),2001,209693,151,-17.018,981,238,81.397,54
Orinoco Flow (Sail Away) - Single Version,Enya,Orinoco Flow (Sail Away),1988,225840,691,-10.378,678,335,114.991,48
Wild Child,Enya,A Day Without Rain,1988,227493,0.6,-10.477,726,0.59,79.705,61
Coffin for Head of State,Fela Kuti,Coffin for Head of State,1978,1362466,724,-8.494,485,153,88.756,32
Expensive Shit,Fela Kuti,Expensive Shit,1975,793200,0.67,-7.668,219,0.4,123.563,43
Gentleman,Fela Kuti,Gentleman,1978,881240,578,-6.999,166,209,85.922,42
Lady,Fela Kuti,Shakara,1978,828360,737,-7.863,207,114,106.78,38
No Agreement,Fela Kuti,No Agreement,1977,931600,0.77,-5.405,147,181,99.368,32
Roforofo Fight,Fela Kuti,Roforofo Fight,1977,941106,594,-5.805,396,557,123.866,27
Shakara (Oloje),Fela Kuti,Shakara,1978,805733,648,-6.627,272,47,119.992,35
Sorrow Tears and Blood,Fela Kuti,Sorrow Tears & Blood,1975,615906,822,-5.574,152,449,101.184,32
Water No Get Enemy,Fela Kuti,The Best of the Black President,1975,591693,639,-7.714,0.11,245,91.021,52
Zombie,Fela Kuti,Zombie,1976,745653,671,-5.141,386,14,131.442,47
A Man and a Woman,Herbie Mann,It's a Funky Thing: The Very Best of Herbie Mann,1964,145479,272,-16.714,827,211,147.514,11
Batida diferente,Herbie Mann,Latin Fever,1965,314546,723,-16.29,824,912,91.704,30
Comin' Home Baby,Herbie Mann,Atlantic Jazz: Soul,1962,519600,651,-22.617,752,421,78.792,42
Funky Nassau,Herbie Mann,Push Push (feat. Duane Allman),1971,294066,0.54,-19.531,864,343,78.468,12
"Hold On, I'm Coming",Herbie Mann,Memphis Underground,1969,535333,497,-14.064,365,866,133.569,20
Memphis Underground,Herbie Mann,Memphis Underground,1969,429000,779,-17.37,626,853,113.08,36
Aquellos Ojos Verdes,Ibrahim Ferrer,Ibrahim Ferrer (Buena Vista Social Club Presents),2003,294293,355,-12.952,846,3,82.183,48
"Ay, Candela",Ibrahim Ferrer,"Ay, Candela",2002,203013,679,-12.26,672,168,107.309,36
Bruca Maniguá,Ibrahim Ferrer,Ibrahim Ferrer (Buena Vista Social Club Presents),2003,284320,499,-11.624,836,557,110.274,53
Marieta,Ibrahim Ferrer,Ibrahim Ferrer (Buena Vista Social Club Presents),2001,355040,592,-7.091,831,0,79.073,47
Qué Bueno Baila Usted,Ibrahim Ferrer,Ibrahim Ferrer (Buena Vista Social Club Presents),1999,279333,595,-4.733,584,0,87.363,45
BO'EE - Asher Swissa & Anorre Remix,Idan Raichel,BO'EE (Asher Swissa & Anorre Remix),2008,186393,642,-7.118,379,115,121.994,29
Boee (Come To Me),Idan Raichel,The Idan Raichel Project,2002,266600,762,-5.157,334,644,115.977,29
Mi'Ma'amakim (Out of the Depths),Idan Raichel,Mi'Ma'amakim (Out of the Depths),2005,350400,415,-7.441,642,0,179.692,15
Ve'Eem Tavo'ee Elay (And If You Will Come To Me),Idan Raichel,And If You Will Come To Me,2007,212800,727,-5.273,504,0,112.023,41
Mandram Vandha,Ilaiyaraaja,Mouna Ragam (Original Motion Picture Soundtrack),1985,287279,649,-11.807,769,475,115.769,46
Nila Adhu Vanathumele,Ilaiyaraaja,Nayagan (Original Motion Picture Soundtrack),1986,301267,743,-6.956,746,706,175.558,57
Nilaave Vaa,Ilaiyaraaja,Mouna Ragam (Original Motion Picture Soundtrack),1991,277146,666,-10.131,0.83,232,111.993,47
Thendral Vandhu,Ilaiyaraaja,Thendrale Ennai Thodu (Original Motion Picture Soundtrack),1990,256066,767,-13.322,728,906,112.512,49
Thenpandi Cheemayile,Ilaiyaraaja,Nayagan (Original Motion Picture Soundtrack),1983,272639,462,-11.436,873,0,120.971,55
El aparecido,Inti-Illimani,Performs Victor Jara,1971,215999,367,-10.456,457,217,145.466,10
El Canto de Todos - Bonus Track,Inti-Illimani,El Canto de Todos,1976,41880,889,-8.206,557,0,125.055,45
La fiesta de la tirana,Inti-Illimani,The Best Of,1999,191999,571,-12.198,898,512,104.139,7
Vuelvo,Inti-Illimani,"Lo Mejor de la Musica Andina, Vol. 11",1995,197093,683,-22.698,892,681,128.719,29
Jammu Africa,Ismaël Lô,Jammu Africa,2004,301866,538,-9.414,699,356,79.692,42
Nafanta,Ismaël Lô,Iso,2005,255133,724,-13.022,406,143,93.97,27
Tadieu Bone,Ismaël Lô,Natt,2000,263440,312,-15.33,731,692,163.319,39
Tajabone,Ismaël Lô,Jammu Africa,1999,241266,0.29,-9.935,843,129,158.199,40
Bomba,Jah Wobble's Invaders Of The Heart,Rising Above Bedlam,1987,355626,0.69,-14.919,313,408,99.702,12
Visions of You,Jah Wobble's Invaders Of The Heart,Rising Above Bedlam,2000,336093,545,-12.272,735,869,90.508,28
A Remark You Made - Live,Joe Zawinul,Brown Street (Live),2003,486640,268,-8.326,886,925,105.234,5
Birdland,Joe Zawinul,Quartetto Torres : Guitars,1982,259306,645,-22.611,873,0.86,83.478,9
Black Market - Live,Joe Zawinul,Brown Street (Live),1980,451133,401,-5.01,644,606,104.059,8
In a Silent Way,Joe Zawinul,Zawinul,1969,285920,167,-14.887,401,726,70.11,19
"Mercy, Mercy, Mercy",Joe Zawinul,Helmut Jasbar: Live at the Havana Guitar Festival,1966,221746,0.52,-17.854,956,876,107.532,9
The Harvest,Joe Zawinul,Dialects,2002,362800,659,-12.746,134,147,129.387,12
A Woman Clothed With the Sun,John Zorn,A Vision in Blakelight,2004,320160,475,-19.774,776,828,137.013,1
Hellfire,John Zorn,Moonchild,2004,245133,0.3,-5.534,246,872,109.509,5
In Sorrow’s Eye,John Zorn,Her Melodious Lay,2003,245889,586,-16.003,0.94,904,115.315,25
Innocent Sleep,John Zorn,Her Melodious Lay,2003,388155,401,-15.79,959,808,92.186,22
Lilin,John Zorn,Electric Masada - At the Mountain of Madness,2004,974093,322,-4.183,998,465,120.03,12
Switch,John Zorn,Locus Solus,1999,135106,645,-12.922,796,356,128.307,0
The Big Gundown,John Zorn,The Big Gundown - 15th Anniversary Special Edition,1985,446533,419,-11.897,176,446,116.428,8
"Caracas Night September 11, 1975",Jon Hassell,Vernal Equinox (Remastered),2000,127040,324,-21.723,888,283,95.848,29
Last Night The Moon Came,Jon Hassell,Last Night The Moon Came Dropping Its Clothes In The Street,2002,675853,157,-25.886,0.95,931,79.99,28
Power Spot,Jon Hassell,Power Spot,1986,427533,697,-20.602,0.14,767,151.323,13
Voiceprint (Blind From The Facts),Jon Hassell,City: Works Of Fiction,1989,348333,487,-10.924,151,748,111.629,4
Assurance,Jon Stefans,Assurance,2005,176258,154,-36.178,909,964,134.931,58
Animal Arithmetic,Jónsi,Go,2009,203760,392,-6.314,262,326,157.808,20
Boy Lilikoi,Jónsi,Go,2009,269760,443,-6.049,164,15,144.903,24
Go Do,Jónsi,Go,2009,280640,464,-6.558,247,135,139.995,32
Hengilás,Jónsi,Go,2009,255346,0.18,-14.803,801,154,88.77,21
Kolniður,Jónsi,Go,2009,235960,343,-8.073,416,248,107.977,19
Sticks and Stones - Live in Brighton,Jónsi,Go Live,2009,259666,171,-6.145,123,255,167.347,6
Tornado,Jónsi,Go,2008,254973,138,-11.205,0.44,648,90.015,25
For All We Know,Karl-Martin Almqvist,A Ballad Moment: Second View,1992,170202,456,-14.506,891,189,99.856,40
Moonlight in Vermont,Karl-Martin Almqvist,A Ballad Moment,2000,317545,476,-9.212,886,632,110.15,36
A New England,Kirsty MacColl,The Stiff Singles Collection,1985,232853,454,-10.921,195,184,165.001,39
All I Ever Wanted,Kirsty MacColl,Electric Landlady (Deluxe Edition),1989,230226,604,-7.461,396,663,142.569,10
Days,Kirsty MacColl,Kite (Deluxe Edition),1989,180466,563,-6.627,193,0,97.996,40
Innocence,Kirsty MacColl,Kite (Deluxe Edition),1990,249786,416,-4.379,0.31,0,179.115,16
There's A Guy Works Down The Chip Shop Swears He's Elvis,Kirsty MacColl,Desperate Character,1981,189356,369,-8.86,641,67,172.823,36
They Don’t Know,Kirsty MacColl,The Stiff Singles Collection,1981,186226,552,-9.474,277,0,112.267,31
Titanic Days,Kirsty MacColl,Titanic Days,1985,343333,304,-9.43,114,127,104.355,11
Eduze NeNkosi,Ladysmith Black Mambazo,My Dream - African Sounds,1989,247853,413,-7.021,882,0,120.712,1
Mbube (The Lion Sleeps Tonight),Ladysmith Black Mambazo,Gift Of The Tortoise: A Musical Journey Through Southern Africa,1987,190040,0.44,-17.254,917,0,104.349,19
Mbube (Wimoweh),Ladysmith Black Mambazo,Africa in Harmony: 50th Anniversary Edition,1987,181099,552,-8.396,0.94,0,102.425,34
Mbude,Ladysmith Black Mambazo,Ladysmith Black Mambazo & Friends,2001,238720,485,-7.429,0.9,0,109.48,6
Shosholoza,Ladysmith Black Mambazo,Ladysmith Black Mambazo & Friends,1996,291293,0.41,-6.698,834,328,95.23,14
A Lotus on Irish Streams (with John McLaughlin) - Remastered,Mahavishnu Orchestra,The Inner Mounting Flame,1973,339360,297,-16.631,963,848,90.029,17
Meeting of the Spirits (with John McLaughlin) - Remastered,Mahavishnu Orchestra,The Inner Mounting Flame,1973,411986,224,-9.918,324,0.57,126.502,23
The Dance of Maya (with John McLaughlin) - Remastered,Mahavishnu Orchestra,The Inner Mounting Flame,2002,436506,279,-9.49,453,931,129.15,17
King Kong Five,Mano Negra,Puta's Fever,1988,117706,695,-8.945,358,0,106.874,44
Mala Vida,Mano Negra,Patchanka,1988,174973,591,-9.205,187,182,128.698,56
Out of Time Man,Mano Negra,King Of Bongo,1991,204960,646,-8.521,735,0,141.904,56
Ronde de nuit,Mano Negra,Patchanka,1988,177706,593,-10.216,141,244,121.236,30
Santa Maradona (Larchuma Football Club),Mano Negra,Casa Babylon,1994,195960,347,-4.287,142,111,119.917,38
Senor Matanza,Mano Negra,Casa Babylon,1994,237640,722,-7.396,434,644,191.832,48
Bongo Bong,Manu Chao,Clandestino,1998,158426,755,-10.027,944,118,149.807,71
Bongo Bong - Je ne t'aime plus (Francis Mercier Remix),Manu Chao,Bongo Bong - Je ne t'aime plus (Francis Mercier Remix),2012,184218,823,-3.783,207,327,128.004,50
Clandestino,Manu Chao,Clandestino,1998,149173,0.68,-6.417,469,0,85.04,67
Desaparecido,Manu Chao,Clandestino,1998,227160,591,-6.903,669,0,191.944,62
La Primavera,Manu Chao,Próxima Estación: Esperanza,1999,112533,564,-8.26,709,829,175.791,55
La Vida Tombola,Manu Chao,La Radiolina,2001,196066,638,-8.321,0.13,139,93.971,54
Me Gustas Tu,Manu Chao,Próxima Estación: Esperanza,1998,239986,657,-6.822,663,494,175.949,81
Mentira,Manu Chao,Clandestino,2003,277013,604,-8.3,474,89,75.942,58
Peligro - Live,Manu Chao,Radio Bemba Sound System (Live),2002,189440,543,-4.896,609,224,92.655,40
Dawning of the Day,Mary Fahl,Love & Gravity,1997,235036,0.26,-13.3,876,0,79.199,28
Going Home,Mary Fahl,The Other Side of Time,1997,288733,211,-7.456,773,19,92.541,27
Fani - Tevhid,Mercan Dede,"Dünya, Vol. 1 (Gün Doğumu)",2000,467400,729,-13.509,107,33,129.981,20
Halitus,Mercan Dede,Nefes,2000,238906,615,-15.982,739,849,120.018,29
Hidrelez - Dream of Perhan,Mercan Dede,Sufi Dreams,2000,937853,788,-20.904,776,677,75.628,18
Mevlana Jalaluddin Rumi - Dream of Shams,Mercan Dede,Sufi Dreams,2000,556226,681,-16.19,531,956,88,21
Napas,Mercan Dede,Nefes,2000,263360,653,-11.76,381,403,99.001,33
Nar-1 Ney,Mercan Dede,Sufi Traveler,2000,578432,598,-10.138,394,335,114.696,7
Nar-ı Aşk,Mercan Dede,Secret Tribe - Nar,2000,535600,671,-11.975,829,859,120.824,17
Neyname,Mercan Dede,Seyahatname,2000,716013,233,-14.971,746,459,108.797,4
Bossa 31,Nicola Conte,Garota Moderna,2004,345756,667,-10.059,264,833,96.008,37
Bossa Per Due,Nicola Conte,Jet Sounds,2004,352182,643,-9.66,559,866,90.499,37
Like Leaves in the Wind,Nicola Conte,Rituals,2004,290493,651,-7.804,613,444,111.993,33
Sea and Sand,Nicola Conte,Other Directions (Remastered and Unreleased Tracks),2004,239226,666,-11.696,892,374,119.918,38
Tribes from the Unknown,Nicola Conte,Let Your Light Shine On,2004,126442,679,-11.847,0.34,878,200.076,2
Ave Maria,Noa,Noa,2003,262133,319,-17.028,875,144,94.677,25
Beautiful That Way,Noa,Beautiful That Way,2001,157521,573,-12.046,665,621,131.187,35
Mishaela,Noa,Noa,2004,188933,0.42,-15.891,847,241,100.234,21
Allah Hoo Allah Hoo,Nusrat Fateh Ali Khan,30 Greatest Hits Nusrat Fateh Ali Khan and Sabri Brothers,1987,953480,496,-12.877,0.58,113,109.068,17
Dillagi,Nusrat Fateh Ali Khan,Dillagi,1989,365171,638,-6.717,206,213,79.991,38
Kinna Sohna Tenu,Nusrat Fateh Ali Khan,"Nusrat Fateh Ali Khan, Vol. 32",1989,627362,478,-8.324,276,19,109.318,33
Mast Nazron Se Allah Bachae,Nusrat Fateh Ali Khan,"The Best of Shahenshah-E-Qawwali, Vol. 1",1989,380796,379,-6.665,152,0,105.124,47
Mera Piya Ghar Aaya,Nusrat Fateh Ali Khan,30 Greatest Hits Nusrat Fateh Ali Khan and Sabri Brothers,1987,685987,504,-10.755,454,146,122.005,19
Tere Bin Nahin Lagda - Remix,Nusrat Fateh Ali Khan,Tere Bin Nahin Lagda Dil Mera - Best Hits,1999,343186,506,-6.903,602,114,126.629,31
Yeh Jo Halka Halka Suroor Hai,Nusrat Fateh Ali Khan,30 Greatest Hits Nusrat Fateh Ali Khan and Sabri Brothers,1993,1394311,0.52,-13.536,397,0,136.768,28
Fatamorgana - Mirage,Ofra Haza,Desert Wind,1984,301733,665,-15.428,655,182,114.011,2
Galbi,Ofra Haza,Yemenite Songs,1997,254573,472,-9.373,404,258,81.799,17
Im Nin Alu-2000,Ofra Haza,Ofra Haza,2000,217493,475,-7.82,993,196,183.991,35
Im Nin'alu,Ofra Haza,Yemenite Songs,1984,318240,676,-10.471,427,202,163.353,32
Love Song - Givin' U Some Pleasure Remix,Ofra Haza,Love Song,1992,535916,743,-9.312,276,915,127.995,1
Taw Shi,Ofra Haza,Desert Wind,1997,211266,593,-10.056,456,276,104.033,1
Ya Ba Ye,Ofra Haza,Desert Wind,1989,307066,597,-11.787,266,263,106.115,3
¿Dónde Estabas Tú?,Omara Portuondo,Omara Portuondo (Buena Vista Social Club Presents),2009,227413,0.73,-11.644,736,552,116.819,48
Cómo Fue,Omara Portuondo,Siempre Tu Voz: Homenaje a Benny Moré en Su Centenario,2008,207693,623,-8.889,649,275,81.975,21
Dos Gardenias,Omara Portuondo,Añejo Carta de Oro: 100 Joyas de la Música Tradicional Cubana,2000,202093,657,-13.019,0.74,841,96.671,1
He Perdido Contigo,Omara Portuondo,Omara Portuondo (Buena Vista Social Club Presents),2000,229426,689,-13.698,926,182,126.67,42
No me Vayas a Engañar - 2019 Remaster,Omara Portuondo,Omara Portuondo (Buena Vista Social Club Presents) (2019 Remaster),2019,172800,534,-11.299,912,146,99.33,26
Veinte Años,Omara Portuondo,Omara Portuondo (Buena Vista Social Club Presents),1999,283600,489,-18.506,933,308,87.878,38
Last Train Home,Pat Metheny Group,Still Life (Talking),1987,338186,377,-14.652,677,0.92,80.411,52
Letter From Home,Pat Metheny Group,Letter from Home,1989,153693,314,-21.063,965,878,44.757,41
Minuano (Six Eight),Pat Metheny Group,Still Life (Talking),1987,566426,0.34,-13.505,825,471,155.899,39
Phase Dance,Pat Metheny Group,Pat Metheny Group,1982,499133,414,-18.852,835,964,89.957,33
The Way Up: Opening & Part One,Pat Metheny Group,The Way Up,2005,1904453,407,-13.163,653,512,124.867,27
To the End of the World,Pat Metheny Group,We Live Here,1986,734133,532,-10.272,343,828,96.097,33
Bhebak W Shta'tellak Nar,Ragheb Alama,Habib Dehkati,2004,195364,444,-5.691,517,201,183.706,51
El Hob El Kebir,Ragheb Alama,El Hob El Kebir,2004,315640,621,-3.887,248,169,144.971,47
Dhun,Ravi Shankar,The Ravi Shankar Collection: Portrait Of Genius,1969,168240,446,-17.428,218,272,149.163,27
Raga Charu Keshi,Ravi Shankar,The Best Of Sitar,1967,815464,508,-13.472,134,765,135.963,16
Raga Hamsadhwani - Digitally Remastered,Ravi Shankar,The Ravi Shankar Collection: In London,1967,557278,503,-15.589,748,46,113.802,10
Raga Mishra Piloo - Remastered,Ravi Shankar,The Ravi Shankar Collection: A Morning Raga / An Evening Raga (Remastered),1967,1472120,424,-13.374,523,172,133.038,11
Raga Puriya Dhanashri - Remastered,Ravi Shankar,The Ravi Shankar Collection: India's Master Musician,1967,682613,0.42,-22.23,223,0.37,155.995,10
Raga- Manj Khamaj,Ravi Shankar,In Concert 1972,1967,3060650,488,-11.502,0.54,479,113.112,10
Raga- Sindhi Bhairavi,Ravi Shankar,In Concert 1972,1967,1578048,373,-11.478,511,674,149.141,4
Dounia,Rokia Traoré,Tchamantché,2004,380613,568,-12.363,909,286,89.019,14
Kele mandi,Rokia Traoré,Bowmboi,2004,249240,413,-16.26,0.95,296,169.759,3
Laidu,Rokia Traoré,Mouneïssa,2005,386973,702,-15.172,626,406,99.747,48
Crazy 'Bout an Automobile (Every Woman I Know),Ry Cooder,Borderline,1979,307000,691,-19.491,768,0,144.489,18
Dark End of the Street,Ry Cooder,Boomer's Story,1976,207040,499,-16.868,671,557,119.739,28
He'll Have to Go,Ry Cooder,Chicken Skin Music,1977,309240,413,-14.624,0.3,0,181.975,33
"Paris, Texas",Ry Cooder,Music by Ry Cooder,1985,174760,359,-20.957,945,158,128.713,46
Smack Dab in the Middle,Ry Cooder,Chicken Skin Music,1988,199893,0.79,-14.575,517,225,124.815,24
Vigilante Man,Ry Cooder,Into The Purple Valley,1976,255560,578,-21.523,742,105,75.845,24
Africa,Salif Keita,"""Folon"".....The Past",1987,359706,745,-8.882,275,476,110.944,24
Laban,Salif Keita,M'Bemba,1987,448960,524,-7.799,227,133,104.98,30
Namory,Salif Keita,Seydou Bathily,1990,582333,472,-17.332,734,527,141.239,22
Sina (Soumbouya),Salif Keita,Soro,1987,289293,665,-14.979,472,379,110.69,11
Tekere,Salif Keita,"""Folon"".....The Past",2006,393626,784,-8.855,286,438,112.977,17
Ani Maamin Through the Ages,Simcha Leiner,Kol Hakavod (Acapella),2005,304295,324,-6.697,531,0,139.315,30
Kol Haolam Kulo,Simcha Leiner,Shirei Nechama Acapella Collection,2005,208593,439,-5.987,319,307,127.917,25
Mi Shebeirach L'tzahal,Simcha Leiner,Shirei Nechama Acapella Collection,2005,175037,235,-5.779,242,256,133.976,28
Air - 2010 Remaster,The Incredible String Band,Wee Tam,1968,194733,211,-19.011,979,335,113.574,26
Chinese White - 2010 Remaster,The Incredible String Band,The 5000 Spirits Or The Layers Of The Onion,1968,217733,376,-11.523,0.79,0,95.427,17
Letter,The Incredible String Band,I Looked Up,1969,189266,556,-8.692,514,823,141.418,5
The First Girl I Loved - 2010 Remaster,The Incredible String Band,The 5000 Spirits Or The Layers Of The Onion,2010,291240,566,-11.868,0.55,0,117.623,23
The Minotaur's Song - 2010 Remaster,The Incredible String Band,The Hangman's Beautiful Daughter,2010,196986,558,-8.652,816,0,121.628,16
The Tijuana Jail - 1990 Digital Remaster,The Kingston Trio,The Capitol Collector's Series,1990,170906,451,-13.567,795,0,155.891,28
Tom Dooley,The Kingston Trio,The Kingston Trio,1958,183973,649,-13.986,806,455,125.74,41
Courage,Vieux Farka Touré,Vieux Farka Touré,2013,261173,687,-6.621,409,169,89.007,6
Diabaté,Vieux Farka Touré,Vieux Farka Touré,2010,557906,708,-11.231,945,876,117.848,8
Fafa,Vieux Farka Touré,Fondo,2012,303466,435,-5.614,724,277,92.749,29
Mahine Me,Vieux Farka Touré,Ali,2006,160487,477,-6.731,511,708,142.078,45
Mali,Vieux Farka Touré,Fondo,2009,275173,478,-7.004,783,856,170.002,11
Savanne,Vieux Farka Touré,Ali,2009,316093,562,-11.106,219,816,147.405,52
Tongo Barra,Vieux Farka Touré,Ali,2008,333150,653,-7.122,231,109,112.848,52
7 Seconds (feat. Neneh Cherry),Youssou N'Dour,The Guide (Wommat),1994,306226,679,-10.826,771,412,154.171,47
Africa Remembers,Youssou N'Dour,Eyes Open,2007,560466,696,-16.181,444,194,97.677,8
Birima,Youssou N'Dour,Joko: The Link,1995,228373,692,-7.042,254,174,105.754,18
Mame Bamba,Youssou N'Dour,The Guide (Wommat),1990,296893,662,-14.089,377,241,140.991,16
Salimata,Youssou N'Dour,History,1988,254133,634,-6.085,328,12,119.598,20
Set,Youssou N'Dour,Set,2004,226826,733,-11.056,424,101,146.213,25
Wiri-Wiri,Youssou N'Dour,Joko: The Link,2007,247466,654,-11.056,304,235,83.013,5